{
    "0":{
        "barcode_value":0,
        "model_name":"base",
        "model_url":"#",
        "position":{"x":0,"y":0,"z":0},
        "rotation":{"x":-90,"y":0,"z":0},
        "color":"#795548",
        "width":19,
        "height":15
    },
    "1":{
        "barcode_value":1,
        "model_name":"road",
        "model_url":"https://rawgithubusercontent.com/whitehatjr/three-d-models/main/model_gltf_6YmjcoM2ebx_6dQpF5pzTPc/model.gltf",
        "position":{"x":0,"y":-22,"z":0},
        "rotation":{"x":0,"y":-90,"z":0},
        "scale":{"x":3,"y":3,"z":3},
        "placement_position":{"x":1.22957,"y":-2.2,"z":5.7},
        "placement_rotation":{"x":0,"y":-90,"z":0},
        "placement_scale":{"x":3,"y":3,"z":3}
    },
    "2":{
        "barcode_value":2,
        "model_name":"sun",
        "model_url":"https://rawgithubusercontent.com/whitehatjr/three-d-models/main/sun_model/model.gltf",
        "position":{"x":5,"y":5,"z":-3},
        "rotation":{"x":0,"y":-90,"z":-90},
        "scale":{"x":0.05,"y":0.05,"z":0.05},
        "placement_position":{"x":-0.85193,"y":6.42585,"z":-3.36947},
        "placement_rotation":{"x":0,"y":-90,"z":0},
        "placement_scale":{"x":0.004,"y":0.004,"z":0.004}
    }
    

}